Start,Length
00001000,4096
00400000,49152
0050b000,4096
192b8000,74985472
40121000,4096
40122000,262144
401b0000,4096
401b1000,262144
403ab000,4096
403ac000,28672
4053f000,4096
40540000,262144
40580000,4096
40581000,262144
405c1000,4096
405c2000,262144
4066b000,4096
4066c000,262144
406ac000,4096
406ad000,262144
406ed000,4096
406ee000,262144
40847000,4096
40848000,262144
40888000,4096
40889000,262144
40947000,4096
40948000,262144
40a5d000,4096
40a5e000,262144
40ace000,4096
40acf000,262144
40bc1000,4096
40bc2000,262144
40c25000,4096
40c26000,262144
40c9f000,4096
40ca0000,262144
40ce0000,4096
40ce1000,262144
40d24000,4096
40d25000,262144
40d93000,4096
40d94000,262144
40dd4000,4096
40dd5000,262144
40e15000,4096
40e16000,262144
40f38000,4096
40f39000,131072
40fa8000,4096
40fa9000,262144
4102e000,4096
4102f000,262144
4106f000,4096
41070000,262144
4126c000,4096
4126d000,262144
412ad000,4096
412ae000,262144
412ee000,4096
412ef000,262144
4132f000,4096
41330000,262144
4138c000,4096
4138d000,262144
413cd000,4096
413ce000,262144
4140e000,4096
4140f000,262144
4144f000,4096
41450000,262144
41490000,4096
41491000,262144
4150b000,4096
4150c000,10485760
41f0c000,4096
41f0d000,262144
41f50000,4096
41f51000,262144
41f91000,4096
41f92000,1048576
42092000,4096
42093000,262144
420d3000,4096
420d4000,262144
42114000,4096
42115000,262144
42155000,4096
42156000,262144
42196000,4096
42197000,262144
421d7000,4096
421d8000,262144
42218000,4096
42219000,10485760
42c19000,4096
42c1a000,262144
42c5a000,4096
42c5b000,262144
42c9b000,4096
42c9c000,262144
42cdc000,4096
42cdd000,262144
42d1d000,4096
42d1e000,262144
42d5e000,4096
42d5f000,262144
42d9f000,4096
42da0000,262144
42de0000,4096
42de1000,262144
42e21000,4096
42e22000,262144
42e62000,4096
42e63000,262144
42ea3000,4096
42ea4000,262144
42ee4000,4096
42ee5000,262144
42f25000,4096
42f26000,262144
42f66000,4096
42f67000,262144
42fa7000,4096
42fa8000,262144
42fe8000,4096
42fe9000,262144
43029000,4096
4302a000,262144
4306a000,4096
4306b000,262144
430ab000,4096
430ac000,262144
430ec000,4096
430ed000,262144
4312d000,4096
4312e000,262144
4316e000,4096
4316f000,262144
431af000,4096
431b0000,262144
431f0000,4096
431f1000,262144
43231000,4096
43232000,262144
43272000,4096
43273000,262144
432b3000,4096
432b4000,262144
432f4000,4096
432f5000,262144
43335000,4096
43336000,262144
43376000,4096
43377000,262144
433b7000,4096
433b8000,262144
433f8000,4096
433f9000,262144
43439000,4096
4343a000,262144
4347a000,4096
4347b000,262144
434bb000,4096
434bc000,262144
434fc000,4096
434fd000,262144
4353d000,4096
4353e000,262144
4357e000,4096
4357f000,262144
435bf000,4096
435c0000,262144
43600000,4096
43601000,262144
43641000,4096
43642000,262144
43682000,4096
43683000,262144
436c3000,4096
436c4000,262144
43704000,4096
43705000,262144
43745000,4096
43746000,262144
43786000,4096
43787000,262144
437c7000,4096
437c8000,262144
43808000,4096
43809000,262144
43849000,4096
4384a000,262144
4388a000,4096
4388b000,262144
438cb000,4096
438cc000,262144
4390c000,4096
4390d000,262144
4394d000,4096
4394e000,262144
4398e000,4096
4398f000,262144
439cf000,4096
439d0000,262144
43a10000,4096
43a11000,262144
43a51000,4096
43a52000,262144
43a92000,4096
43a93000,262144
43ad3000,4096
43ad4000,262144
43b14000,4096
43b15000,262144
43b55000,4096
43b56000,262144
43b96000,4096
43b97000,262144
43bd7000,4096
43bd8000,262144
43c18000,4096
43c19000,262144
43c59000,4096
43c5a000,262144
43c9a000,4096
43c9b000,262144
43cdb000,4096
43cdc000,262144
43d1c000,4096
43d1d000,262144
43d5d000,4096
43d5e000,262144
43d9e000,4096
43d9f000,262144
43ddf000,4096
43de0000,262144
43e20000,4096
43e21000,262144
43e61000,4096
43e62000,262144
43ea2000,4096
43ea3000,262144
43ee3000,4096
43ee4000,262144
43f24000,4096
43f25000,262144
43f65000,4096
43f66000,262144
43fa6000,4096
43fa7000,262144
43fe7000,4096
43fe8000,262144
44028000,4096
44029000,262144
44069000,4096
4406a000,262144
440aa000,4096
440ab000,262144
440eb000,4096
440ec000,262144
4412c000,4096
4412d000,262144
4416d000,4096
4416e000,262144
441ae000,4096
441af000,262144
441ef000,4096
441f0000,262144
44230000,4096
44231000,262144
44271000,4096
44272000,262144
442b2000,4096
442b3000,262144
442f3000,4096
442f4000,262144
44334000,4096
44335000,262144
44375000,4096
44376000,262144
443b6000,4096
443b7000,262144
443f7000,4096
443f8000,262144
44438000,4096
44439000,262144
44479000,4096
4447a000,262144
444ba000,4096
444bb000,262144
444fb000,4096
444fc000,262144
4453c000,4096
4453d000,262144
4457d000,4096
4457e000,262144
445be000,4096
445bf000,262144
445ff000,4096
44600000,262144
44640000,4096
44641000,262144
44681000,4096
44682000,262144
446c2000,4096
446c3000,262144
44703000,4096
44704000,262144
44744000,4096
44745000,262144
3513c00000,28672
3513c07000,2097152
3513e07000,4096
3513e08000,4096
3514000000,90112
3514016000,2093056
3514215000,4096
3514216000,4096
3514217000,16384
3fd0400000,114688
3fd061c000,4096
3fd061d000,4096
3fd0800000,1368064
3fd094e000,2097152
3fd0b4e000,16384
3fd0b52000,4096
3fd0b53000,20480
3fd0c00000,8192
3fd0c02000,2097152
3fd0e02000,4096
3fd0e03000,4096
3fd1000000,532480
3fd1082000,2093056
3fd1281000,4096
3fd1282000,4096
3fd2800000,53248
3fd280d000,2097152
3fd2a0d000,4096
3fd3800000,86016
3fd3815000,2093056
3fd3a14000,4096
3fd3a15000,4096
3fd3a16000,8192
3fd5000000,69632
3fd5011000,2097152
3fd5211000,4096
3fd5212000,4096
3fd5213000,8192
3fd6400000,36864
3fd6409000,2093056
3fd6608000,4096
3fd6609000,4096
3fd660a000,188416
2aaaaaaab000,159744
2aaaaaad2000,1044480
2aaaaabd1000,12288
2aaaaabd4000,20480
2aaaaabd9000,8192
2aaaaabdb000,1048576
2aaaaacdb000,4096
2aaaaacdc000,573440
2aaaaad68000,1044480
2aaaaae67000,24576
2aaaaae6d000,4096
2aaaaae6e000,65536
2aaaaae7e000,1044480
2aaaaaf7d000,8192
2aaaaaf7f000,16384
2aaaaaf83000,1044480
2aaaab082000,4096
2aaaab083000,266240
2aaaab0c4000,1048576
2aaaab1c4000,20480
2aaaab1c9000,8192
2aaaab1cb000,4096
2aaaab1cc000,1044480
2aaaab2cb000,4096
2aaaab2cc000,32768
2aaaab2d4000,1044480
2aaaab3d3000,4096
2aaaab3d4000,8192
2aaaab3d6000,1048576
2aaaab4d6000,4096
2aaaab4d7000,520192
2aaaab556000,56410112
2aaaaeb22000,573440
2aaaaebae000,176128
2aaaaebd9000,1044480
2aaaaecd8000,8192
2aaaaecda000,69632
2aaaaeceb000,1048576
2aaaaedeb000,4096
2aaaaedec000,69632
2aaaaedfd000,1048576
2aaaaeefd000,8192
2aaaaeeff000,28672
2aaaaef06000,4096
2aaaaef0f000,40960
2aaaaef19000,2093056
2aaaaf118000,4096
2aaaaf119000,4096
2aaaaf11a000,6926336
2aaaaf7b5000,1044480
2aaaaf8b4000,303104
2aaaaf8fe000,16384
2aaaaf902000,90112
2aaaaf918000,1044480
2aaaafa17000,8192
2aaaafa19000,1875968
2aaaafbe3000,1044480
2aaaafce2000,61440
2aaaafcf1000,262144
2aaaafd31000,1044480
2aaaafe30000,12288
2aaaafe33000,294912
2aaaafe7b000,1044480
2aaaaff7a000,12288
2aaaaff7d000,401408
2aaaaffdf000,1048576
2aaab00df000,24576
2aaab00e5000,278528
2aaab0129000,1048576
2aaab0229000,20480
2aaab022e000,442368
2aaab029a000,1048576
2aaab039a000,16384
2aaab039e000,8192
2aaab03a0000,1610612736
2aab103a0000,2006384640
2aab87d10000,677904384
2aabb0390000,57344
2aabb039e000,25165824
2aabb1b9e000,31346688
2aabb3983000,10596352
2aabb439e000,4096
2aabb439f000,11763712
2aabb4ed7000,3915776
2aabb5293000,1327104
2aabb53d7000,4096
2aabb53d8000,3903488
2aabb57a1000,16384
2aabb57a5000,2093056
2aabb59a4000,4096
2aabb59a5000,4096
2aabb59a6000,126976
2aabb59c5000,1048576
2aabb5ac5000,4096
2aabb5ac6000,163840
2aabb5aee000,8388608
2aabb62ee000,2379776
2aabb6533000,4096
2aabb6534000,36548608
2aabb880f000,4096
2aabb8810000,598016
2aabb88a2000,4096
2aabb88a3000,319488
2aabb88f1000,4096
2aabb88f2000,1163264
2aabb8a0e000,4096
2aabb8a0f000,618496
2aabb8aa6000,4096
2aabb8aa7000,352256
2aabb8afd000,4096
2aabb8afe000,708608
2aabb8bab000,4096
2aabb8bac000,28672
2aabb8bb3000,4096
2aabb8bb4000,1036288
2aabb8cb1000,4096
2aabb8cb2000,126976
2aabb8cd1000,4096
2aabb8cd2000,135168
2aabb8cf3000,4096
2aabb8cf4000,425984
2aabb8d5c000,4096
2aabb8d5d000,684032
2aabb8e04000,4096
2aabb8e05000,380928
2aabb8e62000,4096
2aabb8e63000,380928
2aabb8ec0000,4096
2aabb8ec1000,339968
2aabb8f14000,4096
2aabb8f15000,102400
2aabb8f2e000,4096
2aabb8f2f000,65536
2aabb8f3f000,4096
2aabb8f40000,61440
2aabb8f4f000,4096
2aabb8f50000,237568
2aabb8f8a000,4096
2aabb8f8b000,417792
2aabb8ff1000,4096
2aabb8ff2000,36864
2aabb8ffb000,4096
2aabb8ffc000,2248704
2aabb9221000,4096
2aabb9222000,5312512
2aabb9733000,1748992
2aabb98de000,167936
2aabb9907000,1044480
2aabb9a06000,16384
2aabb9a1a000,8192
2aabb9a1c000,1044480
2aabb9b1b000,4096
2aabb9b1c000,65536
2aabb9b2c000,1044480
2aabb9c2b000,8192
2aabb9c2d000,135168
2aabb9c9f000,90112
2aabb9cb5000,1048576
2aabb9db5000,4096
2aabb9db6000,32768
2aabb9dbe000,1044480
2aabb9ebd000,4096
2aabb9ebe000,69632
2aabb9ecf000,1044480
2aabb9fce000,8192
2aabb9fd0000,16384
2aabb9fd4000,1044480
2aabba0d3000,4096
2aabba0d4000,12288
2aabba0d7000,1048576
2aabba1d7000,4096
2aabba1d8000,2293760
2aabba408000,1048576
2aabba508000,1048576
2aabba608000,1048576
2aabba708000,1048576
2aabba808000,8192
2aabba80a000,1048576
2aabba90a000,4096
2aabba90b000,2097152
2aabbab0b000,2101248
2aabbad0c000,16777216
2aabbc000000,67080192
2aabbfff9000,28672
2aabc0000000,67096576
2aabc3ffd000,12288
2aabc4000000,134209536
2aabcbffe000,8192
2aabcc000000,4194304
2aabd0000000,67096576
2aabd3ffd000,12288
2aabd4000000,41021440
2aabd671f000,26087424
2aabd8000000,67104768
2aabdbfff000,4096
2aabdc807000,2097152
2aabe0000000,134217728
2aabec000000,67108864
2aabf0000000,67100672
2aabf3ffe000,8192
2aabf4000000,2097152
2aabf8000000,67096576
2aabfbffd000,12288
2aabfc000000,134217728
2aac08000000,268419072
2aac17ffc000,16384
2aac18000000,67092480
2aac1bffc000,16384
2aac1c000000,67096576
2aac1fffd000,12288
2aac20000000,67100672
2aac23ffe000,8192
2aac24000000,67207168
2aac2c000000,201306112
2aac37ffb000,20480
2aac38000000,57614336
2aac3b6f2000,9494528
2aac3c000000,2097152
2aac40000000,8126464
2aac407c0000,58982400
2b2642a23000,8192
2b2642a25000,8192
2b2642a27000,1048576
2b2642b27000,4096
2b2642b38000,4096
2b2642b39000,28672
2b2642b40000,1048576
2b2642c40000,8192
2b2642c42000,8192
2b2642c44000,69632
2b2642c55000,1044480
2b2642d54000,4096
7fff39a0e000,81920
7fff39a22000,8192
7fff39b06000,16384
ffffffffff600000,8388608
